<?xml version="1.0" encoding="UTF-8"?>
<!DOCTYPE suite SYSTEM "https://testng.org/testng-1.0.dtd">
<suite name="Suite" >

<groups>

<run>
 <include name ="smoke"></include>
</run>
</groups>

  <test thread-count="5" name="Test">
    <classes>
      <class name="uk.co.automationtesting.ChallangeNovo.OrderCompleteTest2"/>
    </classes>
  </test> <!-- Test -->
  
  
   <test thread-count="5" name="Test2">
    <classes>
      <class name="uk.co.automationtesting.ChallangeNovo.OrderCompleteTest2"/> 
       <class name="uk.co.automationtesting.ChallangeNovo.ContactFormTest"/>
    </classes>
  </test> <!-- Test -->
  
  
  
</suite> <!-- Suite -->
<!-- parallel="tests" thread-count="2" -->