<?xml version="1.0" encoding="UTF-8"?>
<!DOCTYPE suite SYSTEM "https://testng.org/testng-1.0.dtd">
<suite name="Suite" parallel="tests" thread-count="2" >
  <test thread-count="5" name="Test">
    <classes>
      <class name="uk.co.automationtesting.ChallangeNovo.OrderCompleteTest"/>
    </classes>
  </test> <!-- Test -->
  
  
   <test thread-count="5" name="Test2">
    <classes>
      <class name="uk.co.automationtesting.ChallangeNovo.OrderCompleteTest"/>
    </classes>
  </test> <!-- Test -->
  
  
  
</suite> <!-- Suite -->
<!-- parallel="tests" thread-count="2" -->